Source	Target	Type
ENSG00000012504	ENSG00000131910	regulate
ENSG00000006194	ENSG00000136997	regulate
ENSG00000103495	ENSG00000136997	regulate
ENSG00000109320	ENSG00000141510	regulate
ENSG00000112592	ENSG00000131910	regulate
ENSG00000120738	ENSG00000179348	regulate
ENSG00000120738	ENSG00000166886	regulate
ENSG00000120738	ENSG00000100030	regulate
ENSG00000120738	ENSG00000069667	regulate
ENSG00000120738	ENSG00000138386	regulate
ENSG00000129514	ENSG00000196781	regulate
ENSG00000129514	ENSG00000135547	regulate
ENSG00000129514	ENSG00000091831	regulate
ENSG00000129514	ENSG00000129514	regulate
ENSG00000129514	ENSG00000173334	regulate
ENSG00000129514	ENSG00000141376	regulate
ENSG00000130726	ENSG00000143799	regulate
ENSG00000130726	ENSG00000177606	regulate
ENSG00000130726	ENSG00000163565	regulate
ENSG00000135457	ENSG00000007372	regulate
ENSG00000116016	ENSG00000069667	regulate
ENSG00000116016	ENSG00000137193	regulate
ENSG00000116016	ENSG00000171223	regulate
ENSG00000102974	ENSG00000078900	regulate
ENSG00000102974	ENSG00000173673	regulate
ENSG00000102974	ENSG00000188290	regulate
ENSG00000102974	ENSG00000197921	regulate
ENSG00000102974	ENSG00000116288	regulate
ENSG00000073282	ENSG00000106546	regulate
ENSG00000112658	ENSG00000170345	regulate
ENSG00000147596	ENSG00000131759	regulate
ENSG00000147596	ENSG00000148516	regulate
ENSG00000147596	ENSG00000179111	regulate
ENSG00000147596	ENSG00000071575	regulate
ENSG00000147596	ENSG00000089225	regulate
ENSG00000147596	ENSG00000183337	regulate
ENSG00000147596	ENSG00000145675	regulate
ENSG00000170345	ENSG00000185591	regulate
ENSG00000170345	ENSG00000087095	regulate
ENSG00000170345	ENSG00000141376	regulate
ENSG00000170345	ENSG00000066136	regulate
ENSG00000170345	ENSG00000156650	regulate
ENSG00000172059	ENSG00000139515	regulate
ENSG00000101076	ENSG00000186951	regulate
ENSG00000101076	ENSG00000131910	regulate
ENSG00000101076	ENSG00000078900	regulate
ENSG00000101076	ENSG00000188290	regulate
ENSG00000101076	ENSG00000116288	regulate
ENSG00000179284	ENSG00000141510	regulate
ENSG00000144730	ENSG00000007372	regulate
ENSG00000177374	ENSG00000096717	regulate
ENSG00000185591	ENSG00000177606	regulate
ENSG00000185591	ENSG00000139687	regulate
ENSG00000100644	ENSG00000129315	regulate
ENSG00000100644	ENSG00000125629	regulate
ENSG00000100644	ENSG00000130522	regulate
ENSG00000100644	ENSG00000177606	regulate
ENSG00000100644	ENSG00000100320	regulate
ENSG00000100644	ENSG00000171497	regulate
ENSG00000068305	ENSG00000177606	regulate
ENSG00000140009	ENSG00000188290	regulate
ENSG00000179348	ENSG00000004487	regulate
ENSG00000179348	ENSG00000007968	regulate
ENSG00000179348	ENSG00000117318	regulate
ENSG00000179348	ENSG00000120656	regulate
ENSG00000179348	ENSG00000069812	regulate
ENSG00000001167	ENSG00000141510	regulate
ENSG00000111206	ENSG00000091831	regulate
ENSG00000111206	ENSG00000136997	regulate
ENSG00000101412	ENSG00000136997	regulate
ENSG00000101412	ENSG00000101412	regulate
ENSG00000101412	ENSG00000004487	regulate
ENSG00000101412	ENSG00000078900	regulate
ENSG00000101412	ENSG00000188290	regulate
ENSG00000101412	ENSG00000120656	regulate
ENSG00000118689	ENSG00000125968	regulate
ENSG00000118689	ENSG00000091831	regulate
ENSG00000127616	ENSG00000116288	regulate
ENSG00000127616	ENSG00000197921	regulate
ENSG00000127616	ENSG00000173673	regulate
ENSG00000159216	ENSG00000173334	regulate
ENSG00000159216	ENSG00000005339	regulate
ENSG00000159216	ENSG00000196781	regulate
ENSG00000118260	ENSG00000170345	regulate
ENSG00000186350	ENSG00000134954	regulate
ENSG00000186350	ENSG00000131759	regulate
ENSG00000186350	ENSG00000122592	regulate
ENSG00000186350	ENSG00000129514	regulate
ENSG00000143437	ENSG00000134954	regulate
ENSG00000115415	ENSG00000170345	regulate
ENSG00000115415	ENSG00000147099	regulate
ENSG00000115415	ENSG00000066136	regulate
ENSG00000115415	ENSG00000168610	regulate
ENSG00000162599	ENSG00000141510	regulate
ENSG00000177606	ENSG00000177606	regulate
ENSG00000177606	ENSG00000170345	regulate
ENSG00000162367	ENSG00000120656	regulate
ENSG00000162367	ENSG00000162599	regulate
ENSG00000205250	ENSG00000116288	regulate
ENSG00000205250	ENSG00000004487	regulate
ENSG00000205250	ENSG00000120656	regulate
ENSG00000205250	ENSG00000116478	regulate
ENSG00000205250	ENSG00000007968	regulate
ENSG00000205250	ENSG00000069812	regulate
ENSG00000205250	ENSG00000117318	regulate
ENSG00000103479	ENSG00000188290	regulate
ENSG00000103479	ENSG00000004487	regulate
ENSG00000103479	ENSG00000116288	regulate
ENSG00000103479	ENSG00000066136	regulate
ENSG00000103479	ENSG00000117318	regulate
ENSG00000103479	ENSG00000007968	regulate
ENSG00000134954	ENSG00000173673	regulate
ENSG00000134954	ENSG00000116288	regulate
ENSG00000116044	ENSG00000134954	regulate
ENSG00000115415	ENSG00000068024	regulate
ENSG00000115415	ENSG00000172216	regulate
ENSG00000115415	ENSG00000183337	regulate
ENSG00000115415	ENSG00000173334	regulate
ENSG00000115415	ENSG00000101849	regulate
ENSG00000115415	ENSG00000125968	regulate
ENSG00000115415	ENSG00000163565	regulate
ENSG00000166888	ENSG00000170653	regulate
ENSG00000166888	ENSG00000196498	regulate
ENSG00000166888	ENSG00000165417	regulate
ENSG00000166888	ENSG00000141376	regulate
ENSG00000166888	ENSG00000007968	regulate
ENSG00000166888	ENSG00000143799	regulate
ENSG00000166888	ENSG00000096717	regulate
ENSG00000166888	ENSG00000134954	regulate
ENSG00000166888	ENSG00000129315	regulate
ENSG00000116016	ENSG00000196781	regulate
ENSG00000116016	ENSG00000156030	regulate
ENSG00000116016	ENSG00000171604	regulate
ENSG00000116016	ENSG00000196498	regulate
ENSG00000116016	ENSG00000129514	regulate
ENSG00000116016	ENSG00000034677	regulate
ENSG00000116016	ENSG00000100644	regulate
ENSG00000116016	ENSG00000170345	regulate
ENSG00000116016	ENSG00000141376	regulate
ENSG00000091831	ENSG00000116478	regulate
ENSG00000091831	ENSG00000148840	regulate
ENSG00000091831	ENSG00000148737	regulate
ENSG00000091831	ENSG00000188290	regulate
ENSG00000091831	ENSG00000007968	regulate
ENSG00000139687	ENSG00000004487	regulate
ENSG00000139687	ENSG00000116288	regulate
ENSG00000139687	ENSG00000117318	regulate
ENSG00000139687	ENSG00000188290	regulate
ENSG00000139687	ENSG00000007968	regulate
ENSG00000139687	ENSG00000066136	regulate
ENSG00000139687	ENSG00000177606	regulate
ENSG00000139687	ENSG00000143013	regulate
ENSG00000139687	ENSG00000173673	regulate
ENSG00000107485	ENSG00000078900	regulate
ENSG00000107485	ENSG00000188290	regulate
ENSG00000107485	ENSG00000007968	regulate
ENSG00000107485	ENSG00000004487	regulate
ENSG00000245848	ENSG00000188290	regulate
ENSG00000245848	ENSG00000173673	regulate
ENSG00000245848	ENSG00000078900	regulate
ENSG00000245848	ENSG00000069812	regulate
ENSG00000245848	ENSG00000116288	regulate
ENSG00000141510	ENSG00000069812	regulate
ENSG00000141510	ENSG00000142867	regulate
ENSG00000141510	ENSG00000120656	regulate
ENSG00000141510	ENSG00000066136	regulate
ENSG00000141510	ENSG00000143162	regulate
ENSG00000141510	ENSG00000078900	regulate
ENSG00000141510	ENSG00000137947	regulate
ENSG00000156273	ENSG00000127616	regulate
ENSG00000169083	ENSG00000072310	regulated
ENSG00000169083	ENSG00000170345	regulated
ENSG00000169083	ENSG00000177606	regulated
ENSG00000169083	ENSG00000198911	regulated
ENSG00000169083	ENSG00000129514	regulated
ENSG00000169083	ENSG00000131759	regulated
ENSG00000169083	ENSG00000124813	regulated
ENSG00000123268	ENSG00000139687	regulated
ENSG00000123268	ENSG00000177606	regulated
ENSG00000115966	ENSG00000115966	regulated
ENSG00000115966	ENSG00000177606	regulated
ENSG00000115966	ENSG00000139687	regulated
ENSG00000118217	ENSG00000100219	regulated
ENSG00000113916	ENSG00000109320	regulated
ENSG00000113916	ENSG00000113916	regulated
ENSG00000245848	ENSG00000120837	regulated
ENSG00000245848	ENSG00000189403	regulated
ENSG00000245848	ENSG00000001167	regulated
ENSG00000245848	ENSG00000066136	regulated
ENSG00000245848	ENSG00000125798	regulated
ENSG00000245848	ENSG00000276043	regulated
ENSG00000245848	ENSG00000132170	regulated
ENSG00000245848	ENSG00000139687	regulated
ENSG00000245848	ENSG00000198911	regulated
ENSG00000172216	ENSG00000109320	regulated
ENSG00000172216	ENSG00000166949	regulated
ENSG00000172216	ENSG00000141646	regulated
ENSG00000172216	ENSG00000170345	regulated
ENSG00000172216	ENSG00000204531	regulated
ENSG00000221869	ENSG00000204531	regulated
ENSG00000118260	ENSG00000187098	regulated
ENSG00000118260	ENSG00000118260	regulated
ENSG00000118260	ENSG00000168610	regulated
ENSG00000118260	ENSG00000186951	regulated
ENSG00000118260	ENSG00000113580	regulated
ENSG00000118260	ENSG00000136931	regulated
ENSG00000118260	ENSG00000137834	regulated
ENSG00000095794	ENSG00000112592	regulated
ENSG00000168036	ENSG00000102804	regulated
ENSG00000168036	ENSG00000101057	regulated
ENSG00000168036	ENSG00000136826	regulated
ENSG00000168036	ENSG00000100644	regulated
ENSG00000168036	ENSG00000106571	regulated
ENSG00000168036	ENSG00000074047	regulated
ENSG00000168036	ENSG00000275700	regulated
ENSG00000168036	ENSG00000117318	regulated
ENSG00000168036	ENSG00000177606	regulated
ENSG00000168036	ENSG00000112033	regulated
ENSG00000168036	ENSG00000169083	regulated
ENSG00000168036	ENSG00000159263	regulated
ENSG00000168036	ENSG00000164611	regulated
ENSG00000168036	ENSG00000135111	regulated
ENSG00000168036	ENSG00000168610	regulated
ENSG00000168036	ENSG00000164458	regulated
ENSG00000168036	ENSG00000136997	regulated
ENSG00000168036	ENSG00000078403	regulated
ENSG00000168036	ENSG00000168036	regulated
ENSG00000168036	ENSG00000175592	regulated
ENSG00000168036	ENSG00000244405	regulated
ENSG00000168036	ENSG00000138136	regulated
ENSG00000168036	ENSG00000196628	regulated
ENSG00000168036	ENSG00000106511	regulated
ENSG00000168036	ENSG00000138795	regulated
ENSG00000101412	ENSG00000170515	regulated
ENSG00000101412	ENSG00000177374	regulated
ENSG00000101412	ENSG00000169016	regulated
ENSG00000101412	ENSG00000126456	regulated
ENSG00000101412	ENSG00000132170	regulated
ENSG00000101412	ENSG00000164611	regulated
ENSG00000101412	ENSG00000134323	regulated
ENSG00000101412	ENSG00000148516	regulated
ENSG00000101412	ENSG00000141510	regulated
ENSG00000101412	ENSG00000177606	regulated
ENSG00000101412	ENSG00000169083	regulated
ENSG00000101412	ENSG00000139687	regulated
ENSG00000101412	ENSG00000120738	regulated
ENSG00000007968	ENSG00000134323	regulated
ENSG00000007968	ENSG00000101412	regulated
ENSG00000112242	ENSG00000134323	regulated
ENSG00000112242	ENSG00000101412	regulated
ENSG00000205250	ENSG00000132170	regulated
ENSG00000205250	ENSG00000139687	regulated
ENSG00000205250	ENSG00000134323	regulated
ENSG00000205250	ENSG00000177606	regulated
ENSG00000205250	ENSG00000101412	regulated
ENSG00000205250	ENSG00000141510	regulated
ENSG00000169016	ENSG00000101412	regulated
ENSG00000165891	ENSG00000185591	regulated
ENSG00000120738	ENSG00000141510	regulated
ENSG00000120738	ENSG00000169083	regulated
ENSG00000120738	ENSG00000196628	regulated
ENSG00000120738	ENSG00000177606	regulated
ENSG00000120738	ENSG00000172216	regulated
ENSG00000120738	ENSG00000173039	regulated
ENSG00000120738	ENSG00000126767	regulated
ENSG00000120738	ENSG00000120738	regulated
ENSG00000126767	ENSG00000170345	regulated
ENSG00000126767	ENSG00000124813	regulated
ENSG00000158711	ENSG00000170345	regulated
ENSG00000091831	ENSG00000136997	regulated
ENSG00000091831	ENSG00000170345	regulated
ENSG00000091831	ENSG00000177606	regulated
ENSG00000091831	ENSG00000132170	regulated
ENSG00000091831	ENSG00000185591	regulated
ENSG00000091831	ENSG00000101412	regulated
ENSG00000091831	ENSG00000126561	regulated
ENSG00000134954	ENSG00000137203	regulated
ENSG00000134954	ENSG00000170345	regulated
ENSG00000134954	ENSG00000109320	regulated
ENSG00000134954	ENSG00000175832	regulated
ENSG00000134954	ENSG00000091138	regulated
ENSG00000134954	ENSG00000175592	regulated
ENSG00000134954	ENSG00000251493	regulated
ENSG00000134954	ENSG00000105497	regulated
ENSG00000157557	ENSG00000175592	regulated
ENSG00000175832	ENSG00000170345	regulated
ENSG00000175832	ENSG00000134954	regulated
ENSG00000151702	ENSG00000102145	regulated
ENSG00000151702	ENSG00000170345	regulated
ENSG00000170345	ENSG00000141646	regulated
ENSG00000170345	ENSG00000141510	regulated
ENSG00000129514	ENSG00000136352	regulated
ENSG00000125798	ENSG00000139515	regulated
ENSG00000187140	ENSG00000105497	regulated
ENSG00000118689	ENSG00000141646	regulated
ENSG00000118689	ENSG00000263001	regulated
ENSG00000118689	ENSG00000164442	regulated
ENSG00000118689	ENSG00000184481	regulated
ENSG00000102145	ENSG00000173917	regulated
ENSG00000102145	ENSG00000162367	regulated
ENSG00000179348	ENSG00000184937	regulated
ENSG00000179348	ENSG00000162367	regulated
ENSG00000107485	ENSG00000162367	regulated
ENSG00000141448	ENSG00000101076	regulated
ENSG00000074047	ENSG00000064195	regulated
ENSG00000074047	ENSG00000113916	regulated
ENSG00000074047	ENSG00000187079	regulated
ENSG00000074047	ENSG00000005102	regulated
ENSG00000074047	ENSG00000178919	regulated
ENSG00000074047	ENSG00000136997	regulated
ENSG00000074047	ENSG00000213928	regulated
ENSG00000074047	ENSG00000111424	regulated
ENSG00000074047	ENSG00000143365	regulated
ENSG00000074047	ENSG00000101412	regulated
ENSG00000114315	ENSG00000101412	regulated
ENSG00000100644	ENSG00000141510	regulated
ENSG00000135100	ENSG00000139515	regulated
ENSG00000106004	ENSG00000106004	regulated
ENSG00000106004	ENSG00000082175	regulated
ENSG00000173404	ENSG00000173404	regulated
ENSG00000126456	ENSG00000185129	regulated
ENSG00000177606	ENSG00000164683	regulated
ENSG00000177606	ENSG00000168036	regulated
ENSG00000177606	ENSG00000113580	regulated
ENSG00000130522	ENSG00000175592	regulated
ENSG00000136826	ENSG00000111704	regulated
ENSG00000138795	ENSG00000152284	regulated
ENSG00000138795	ENSG00000078403	regulated
ENSG00000138795	ENSG00000164458	regulated
ENSG00000138795	ENSG00000136997	regulated
ENSG00000138795	ENSG00000101412	regulated
ENSG00000138795	ENSG00000169083	regulated
ENSG00000187098	ENSG00000121068	regulated
ENSG00000101057	ENSG00000136997	regulated
ENSG00000101057	ENSG00000185591	regulated
ENSG00000136997	ENSG00000166888	regulated
ENSG00000136997	ENSG00000100644	regulated
ENSG00000136997	ENSG00000157557	regulated
ENSG00000136997	ENSG00000105516	regulated
ENSG00000136997	ENSG00000101412	regulated
ENSG00000136997	ENSG00000204231	regulated
ENSG00000136997	ENSG00000245848	regulated
ENSG00000136997	ENSG00000145736	regulated
ENSG00000136997	ENSG00000114315	regulated
ENSG00000136997	ENSG00000184937	regulated
ENSG00000136997	ENSG00000128272	regulated
ENSG00000136997	ENSG00000141510	regulated
ENSG00000136997	ENSG00000166949	regulated
ENSG00000136997	ENSG00000112200	regulated
ENSG00000136997	ENSG00000168310	regulated
ENSG00000136997	ENSG00000152518	regulated
ENSG00000136997	ENSG00000177606	regulated
ENSG00000136997	ENSG00000170653	regulated
ENSG00000136997	ENSG00000136997	regulated
ENSG00000136997	ENSG00000130675	regulated
ENSG00000136997	ENSG00000070444	regulated
ENSG00000136997	ENSG00000140262	regulated
ENSG00000136997	ENSG00000269404	regulated
ENSG00000136997	ENSG00000185650	regulated
ENSG00000136997	ENSG00000101057	regulated
ENSG00000136997	ENSG00000136944	regulated
ENSG00000136997	ENSG00000175592	regulated
ENSG00000136997	ENSG00000213762	regulated
ENSG00000136997	ENSG00000111206	regulated
ENSG00000136997	ENSG00000131759	regulated
ENSG00000136997	ENSG00000126456	regulated
ENSG00000136997	ENSG00000243678	regulated
ENSG00000136997	ENSG00000131845	regulated
ENSG00000136997	ENSG00000128714	regulated
ENSG00000162599	ENSG00000113580	regulated
ENSG00000109320	ENSG00000162924	regulated
ENSG00000109320	ENSG00000163435	regulated
ENSG00000109320	ENSG00000169083	regulated
ENSG00000109320	ENSG00000125347	regulated
ENSG00000109320	ENSG00000185507	regulated
ENSG00000109320	ENSG00000137265	regulated
ENSG00000001167	ENSG00000185129	regulated
ENSG00000001167	ENSG00000198911	regulated
ENSG00000148400	ENSG00000179348	regulated
ENSG00000148400	ENSG00000114315	regulated
ENSG00000148400	ENSG00000139352	regulated
ENSG00000148400	ENSG00000135547	regulated
ENSG00000148400	ENSG00000164683	regulated
ENSG00000148400	ENSG00000077150	regulated
ENSG00000131408	ENSG00000072310	regulated
ENSG00000131408	ENSG00000134107	regulated
ENSG00000025434	ENSG00000134107	regulated
ENSG00000025434	ENSG00000072310	regulated
ENSG00000175745	ENSG00000143171	regulated
ENSG00000136931	ENSG00000204531	regulated
ENSG00000136931	ENSG00000184895	regulated
ENSG00000007372	ENSG00000187098	regulated
ENSG00000007372	ENSG00000007372	regulated
ENSG00000125618	ENSG00000141510	regulated
ENSG00000125618	ENSG00000136352	regulated
ENSG00000185630	ENSG00000111704	regulated
ENSG00000139515	ENSG00000139515	regulated
ENSG00000082175	ENSG00000136997	regulated
ENSG00000165462	ENSG00000165462	regulated
ENSG00000064835	ENSG00000136352	regulated
ENSG00000064835	ENSG00000137270	regulated
ENSG00000064835	ENSG00000136997	regulated
ENSG00000064835	ENSG00000172534	regulated
ENSG00000064835	ENSG00000137203	regulated
ENSG00000064835	ENSG00000064835	regulated
ENSG00000064835	ENSG00000134954	regulated
ENSG00000143190	ENSG00000137203	regulated
ENSG00000028277	ENSG00000136997	regulated
ENSG00000028277	ENSG00000134954	regulated
ENSG00000028277	ENSG00000162924	regulated
ENSG00000204531	ENSG00000189403	regulated
ENSG00000204531	ENSG00000164104	regulated
ENSG00000204531	ENSG00000111704	regulated
ENSG00000112033	ENSG00000173039	regulated
ENSG00000132170	ENSG00000166949	regulated
ENSG00000132170	ENSG00000143190	regulated
ENSG00000132170	ENSG00000091831	regulated
ENSG00000132170	ENSG00000126368	regulated
ENSG00000131759	ENSG00000197576	regulated
ENSG00000131759	ENSG00000136352	regulated
ENSG00000131759	ENSG00000134954	regulated
ENSG00000131759	ENSG00000168610	regulated
ENSG00000131759	ENSG00000170166	regulated
ENSG00000131759	ENSG00000169083	regulated
ENSG00000131759	ENSG00000101076	regulated
ENSG00000131759	ENSG00000108557	regulated
ENSG00000172819	ENSG00000136352	regulated
ENSG00000168214	ENSG00000135547	regulated
ENSG00000168214	ENSG00000077150	regulated
ENSG00000168214	ENSG00000139352	regulated
ENSG00000168214	ENSG00000114315	regulated
ENSG00000168214	ENSG00000066336	regulated
ENSG00000168214	ENSG00000164683	regulated
ENSG00000168214	ENSG00000179348	regulated
ENSG00000162924	ENSG00000137265	regulated
ENSG00000173039	ENSG00000137265	regulated
ENSG00000173039	ENSG00000104856	regulated
ENSG00000173039	ENSG00000116478	regulated
ENSG00000173039	ENSG00000169083	regulated
ENSG00000173039	ENSG00000141510	regulated
ENSG00000173039	ENSG00000136997	regulated
ENSG00000173039	ENSG00000120738	regulated
ENSG00000173039	ENSG00000077150	regulated
ENSG00000173039	ENSG00000163435	regulated
ENSG00000173039	ENSG00000112033	regulated
ENSG00000124813	ENSG00000137834	regulated
ENSG00000124813	ENSG00000091831	regulated
ENSG00000186350	ENSG00000072310	regulated
ENSG00000143171	ENSG00000129514	regulated
ENSG00000170365	ENSG00000117318	regulated
ENSG00000170365	ENSG00000106546	regulated
ENSG00000170365	ENSG00000164683	regulated
ENSG00000175387	ENSG00000101665	regulated
ENSG00000175387	ENSG00000106546	regulated
ENSG00000166949	ENSG00000106546	regulated
ENSG00000166949	ENSG00000101076	regulated
ENSG00000166949	ENSG00000164683	regulated
ENSG00000166949	ENSG00000074047	regulated
ENSG00000166949	ENSG00000138795	regulated
ENSG00000166949	ENSG00000007372	regulated
ENSG00000166949	ENSG00000101665	regulated
ENSG00000166949	ENSG00000177606	regulated
ENSG00000141646	ENSG00000106546	regulated
ENSG00000141646	ENSG00000101665	regulated
ENSG00000141646	ENSG00000177606	regulated
ENSG00000141646	ENSG00000101076	regulated
ENSG00000113658	ENSG00000164683	regulated
ENSG00000113658	ENSG00000117318	regulated
ENSG00000101665	ENSG00000138795	regulated
ENSG00000181449	ENSG00000111704	regulated
ENSG00000185591	ENSG00000162367	regulated
ENSG00000185591	ENSG00000131759	regulated
ENSG00000185591	ENSG00000134954	regulated
ENSG00000185591	ENSG00000139515	regulated
ENSG00000185591	ENSG00000184937	regulated
ENSG00000185591	ENSG00000175387	regulated
ENSG00000185591	ENSG00000141510	regulated
ENSG00000185591	ENSG00000170345	regulated
ENSG00000185591	ENSG00000007372	regulated
ENSG00000185591	ENSG00000178913	regulated
ENSG00000185591	ENSG00000124813	regulated
ENSG00000185591	ENSG00000091831	regulated
ENSG00000185591	ENSG00000141646	regulated
ENSG00000185591	ENSG00000185591	regulated
ENSG00000185591	ENSG00000260027	regulated
ENSG00000185591	ENSG00000136997	regulated
ENSG00000185591	ENSG00000169083	regulated
ENSG00000185591	ENSG00000077150	regulated
ENSG00000185591	ENSG00000173039	regulated
ENSG00000185591	ENSG00000166949	regulated
ENSG00000185591	ENSG00000101076	regulated
ENSG00000185591	ENSG00000113580	regulated
ENSG00000185591	ENSG00000115966	regulated
ENSG00000066336	ENSG00000113916	regulated
ENSG00000066336	ENSG00000151702	regulated
ENSG00000066336	ENSG00000102145	regulated
ENSG00000066336	ENSG00000109320	regulated
ENSG00000066336	ENSG00000162367	regulated
ENSG00000066336	ENSG00000141968	regulated
ENSG00000066336	ENSG00000113580	regulated
ENSG00000066336	ENSG00000162924	regulated
ENSG00000072310	ENSG00000072310	regulated
ENSG00000198911	ENSG00000198911	regulated
ENSG00000115415	ENSG00000113916	regulated
ENSG00000115415	ENSG00000125347	regulated
ENSG00000115415	ENSG00000141510	regulated
ENSG00000115415	ENSG00000115415	regulated
ENSG00000170581	ENSG00000130522	regulated
ENSG00000170581	ENSG00000125347	regulated
ENSG00000168610	ENSG00000136997	regulated
ENSG00000168610	ENSG00000170345	regulated
ENSG00000168610	ENSG00000125347	regulated
ENSG00000126561	ENSG00000164442	regulated
ENSG00000126561	ENSG00000113916	regulated
ENSG00000173757	ENSG00000164442	regulated
ENSG00000173757	ENSG00000113916	regulated
ENSG00000148737	ENSG00000101057	regulated
ENSG00000148737	ENSG00000168036	regulated
ENSG00000148737	ENSG00000138795	regulated
ENSG00000148737	ENSG00000164458	regulated
ENSG00000148737	ENSG00000136997	regulated
ENSG00000148737	ENSG00000164611	regulated
ENSG00000148737	ENSG00000074047	regulated
ENSG00000148737	ENSG00000168610	regulated
ENSG00000137203	ENSG00000136997	regulated
ENSG00000137203	ENSG00000115966	regulated
ENSG00000137203	ENSG00000113580	regulated
ENSG00000137203	ENSG00000178913	regulated
ENSG00000137203	ENSG00000134954	regulated
ENSG00000087510	ENSG00000091831	regulated
ENSG00000126351	ENSG00000101412	regulated
ENSG00000151090	ENSG00000101412	regulated
ENSG00000151090	ENSG00000009950	regulated
ENSG00000141510	ENSG00000141510	regulated
ENSG00000141510	ENSG00000073282	regulated
ENSG00000141510	ENSG00000132274	regulated
ENSG00000141510	ENSG00000136997	regulated
ENSG00000141510	ENSG00000141905	regulated
ENSG00000141510	ENSG00000164611	regulated
ENSG00000141510	ENSG00000163508	regulated
ENSG00000141510	ENSG00000173039	regulated
ENSG00000141510	ENSG00000198300	regulated
ENSG00000141510	ENSG00000168610	regulated
ENSG00000141510	ENSG00000139687	regulated
ENSG00000141510	ENSG00000177374	regulated
ENSG00000141510	ENSG00000100968	regulated
ENSG00000141510	ENSG00000120738	regulated
ENSG00000141510	ENSG00000168036	regulated
ENSG00000105698	ENSG00000185591	regulated
ENSG00000184937	ENSG00000141510	regulated
ENSG00000179059	ENSG00000179059	regulated
ENSG00000173153	ENSG00000106546	Unknown
ENSG00000143437	ENSG00000106546	Unknown
ENSG00000091831	ENSG00000106546	Unknown
ENSG00000185591	ENSG00000106546	Repression
ENSG00000111206	ENSG00000169083	Activation
ENSG00000170515	ENSG00000169083	Unknown
ENSG00000065978	ENSG00000169083	Unknown
ENSG00000163909	ENSG00000169083	Repression
ENSG00000185129	ENSG00000169083	Repression
ENSG00000177606	ENSG00000169083	Unknown
ENSG00000124813	ENSG00000169083	Unknown
ENSG00000143190	ENSG00000169083	Unknown
ENSG00000091831	ENSG00000169083	Activation
ENSG00000006468	ENSG00000169083	Unknown
ENSG00000116478	ENSG00000169083	Unknown
ENSG00000125398	ENSG00000169083	Activation
ENSG00000184937	ENSG00000169083	Repression
ENSG00000118689	ENSG00000169083	Unknown
ENSG00000168610	ENSG00000169083	Unknown
ENSG00000118260	ENSG00000169083	Unknown
ENSG00000167034	ENSG00000169083	Repression
ENSG00000160973	ENSG00000169083	Repression
ENSG00000148516	ENSG00000169083	Unknown
ENSG00000179348	ENSG00000169083	Activation
ENSG00000084093	ENSG00000169083	Unknown
ENSG00000100644	ENSG00000169083	Activation
ENSG00000072310	ENSG00000169083	Unknown
ENSG00000205250	ENSG00000169083	Unknown
ENSG00000100644	ENSG00000143437	Unknown
ENSG00000106546	ENSG00000143437	Unknown
ENSG00000126368	ENSG00000133794	Repression
ENSG00000144485	ENSG00000139352	Repression
ENSG00000114315	ENSG00000139352	Repression
ENSG00000105698	ENSG00000183734	Repression
ENSG00000175197	ENSG00000115966	Repression
ENSG00000113580	ENSG00000115966	Repression
ENSG00000139687	ENSG00000115966	Unknown
ENSG00000120738	ENSG00000162772	Activation
ENSG00000136997	ENSG00000162772	Unknown
ENSG00000140044	ENSG00000162772	Unknown
ENSG00000177606	ENSG00000162772	Activation
ENSG00000128272	ENSG00000162772	Unknown
ENSG00000136826	ENSG00000162772	Activation
ENSG00000141510	ENSG00000162772	Activation
ENSG00000116604	ENSG00000162772	Activation
ENSG00000115966	ENSG00000162772	Activation
ENSG00000109320	ENSG00000162772	Unknown
ENSG00000185507	ENSG00000128272	Activation
ENSG00000177606	ENSG00000123685	Unknown
ENSG00000170345	ENSG00000123685	Unknown
ENSG00000168610	ENSG00000113916	Activation
ENSG00000118689	ENSG00000113916	Activation
ENSG00000137265	ENSG00000113916	Repression
ENSG00000102974	ENSG00000113916	Repression
ENSG00000130522	ENSG00000113916	Activation
ENSG00000148516	ENSG00000113916	Repression
ENSG00000213999	ENSG00000113916	Unknown
ENSG00000184481	ENSG00000113916	Activation
ENSG00000075426	ENSG00000113916	Activation
ENSG00000133794	ENSG00000134107	Activation
ENSG00000143437	ENSG00000134107	Unknown
ENSG00000111424	ENSG00000134107	Unknown
ENSG00000134852	ENSG00000134107	Activation
ENSG00000185591	ENSG00000067955	Unknown
ENSG00000102145	ENSG00000067955	Repression
ENSG00000136997	ENSG00000067955	Unknown
ENSG00000107485	ENSG00000165556	Activation
ENSG00000143190	ENSG00000165556	Unknown
ENSG00000136826	ENSG00000165556	Unknown
ENSG00000204531	ENSG00000165556	Repression
ENSG00000111704	ENSG00000165556	Repression
ENSG00000132170	ENSG00000245848	Unknown
ENSG00000175197	ENSG00000245848	Repression
ENSG00000102145	ENSG00000245848	Repression
ENSG00000109906	ENSG00000245848	Unknown
ENSG00000138795	ENSG00000245848	Unknown
ENSG00000091831	ENSG00000172216	Unknown
ENSG00000128272	ENSG00000172216	Activation
ENSG00000136931	ENSG00000164442	Activation
ENSG00000126767	ENSG00000164442	Unknown
ENSG00000184481	ENSG00000118260	Activation
ENSG00000005339	ENSG00000118260	Activation
ENSG00000095794	ENSG00000118260	Repression
ENSG00000185591	ENSG00000118260	Unknown
ENSG00000112658	ENSG00000118260	Repression
ENSG00000173039	ENSG00000107175	Unknown
ENSG00000109320	ENSG00000107175	Unknown
ENSG00000136997	ENSG00000005339	Unknown
ENSG00000101412	ENSG00000005339	Unknown
ENSG00000170345	ENSG00000095794	Activation
ENSG00000185591	ENSG00000095794	Activation
ENSG00000177606	ENSG00000095794	Activation
ENSG00000137203	ENSG00000105392	Unknown
ENSG00000184937	ENSG00000102974	Unknown
ENSG00000160973	ENSG00000102974	Unknown
ENSG00000109320	ENSG00000102974	Repression
ENSG00000183072	ENSG00000168036	Unknown
ENSG00000169083	ENSG00000168036	Activation
ENSG00000172466	ENSG00000168036	Activation
ENSG00000091831	ENSG00000168036	Repression
ENSG00000138795	ENSG00000168036	Unknown
ENSG00000108924	ENSG00000105516	Activation
ENSG00000001167	ENSG00000175197	Unknown
ENSG00000168610	ENSG00000175197	Repression
ENSG00000177606	ENSG00000175197	Activation
ENSG00000140044	ENSG00000175197	Repression
ENSG00000128272	ENSG00000175197	Unknown
ENSG00000118217	ENSG00000175197	Unknown
ENSG00000100219	ENSG00000175197	Unknown
ENSG00000221869	ENSG00000175197	Repression
ENSG00000170345	ENSG00000175197	Activation
ENSG00000162772	ENSG00000175197	Activation
ENSG00000172216	ENSG00000175197	Unknown
ENSG00000139687	ENSG00000175197	Unknown
ENSG00000101412	ENSG00000175197	Unknown
ENSG00000185591	ENSG00000137090	Unknown
ENSG00000120738	ENSG00000137090	Unknown
ENSG00000116478	ENSG00000101412	Repression
ENSG00000170515	ENSG00000101412	Unknown
ENSG00000112592	ENSG00000101412	Unknown
ENSG00000165891	ENSG00000101412	Repression
ENSG00000177374	ENSG00000101412	Repression
ENSG00000169375	ENSG00000101412	Repression
ENSG00000078900	ENSG00000101412	Unknown
ENSG00000065978	ENSG00000101412	Unknown
ENSG00000139687	ENSG00000101412	Unknown
ENSG00000173039	ENSG00000101412	Unknown
ENSG00000141510	ENSG00000101412	Repression
ENSG00000185591	ENSG00000101412	Unknown
ENSG00000069667	ENSG00000101412	Unknown
ENSG00000082175	ENSG00000101412	Activation
ENSG00000125347	ENSG00000101412	Repression
ENSG00000125618	ENSG00000101412	Activation
ENSG00000129173	ENSG00000101412	Repression
ENSG00000109320	ENSG00000101412	Unknown
ENSG00000172534	ENSG00000101412	Activation
ENSG00000130726	ENSG00000112242	Repression
ENSG00000139687	ENSG00000112242	Repression
ENSG00000141510	ENSG00000112242	Repression
ENSG00000100644	ENSG00000112242	Activation
ENSG00000172534	ENSG00000205250	Repression
ENSG00000130726	ENSG00000205250	Repression
ENSG00000141510	ENSG00000165891	Activation
ENSG00000134954	ENSG00000120738	Activation
ENSG00000116478	ENSG00000120738	Repression
ENSG00000109320	ENSG00000120738	Repression
ENSG00000185591	ENSG00000120738	Activation
ENSG00000157557	ENSG00000120738	Unknown
ENSG00000131196	ENSG00000179388	Unknown
ENSG00000101096	ENSG00000179388	Unknown
ENSG00000139687	ENSG00000120690	Unknown
ENSG00000113580	ENSG00000126767	Repression
ENSG00000169083	ENSG00000158711	Unknown
ENSG00000204531	ENSG00000163508	Repression
ENSG00000105698	ENSG00000116016	Unknown
ENSG00000168610	ENSG00000116016	Unknown
ENSG00000173039	ENSG00000116016	Activation
ENSG00000107485	ENSG00000157554	Activation
ENSG00000162367	ENSG00000157554	Activation
ENSG00000157557	ENSG00000157554	Activation
ENSG00000157554	ENSG00000157554	Activation
ENSG00000134954	ENSG00000157554	Activation
ENSG00000151702	ENSG00000157554	Activation
ENSG00000141510	ENSG00000091831	Unknown
ENSG00000143437	ENSG00000091831	Unknown
ENSG00000167034	ENSG00000091831	Unknown
ENSG00000169057	ENSG00000091831	Repression
ENSG00000100219	ENSG00000091831	Activation
ENSG00000173757	ENSG00000091831	Unknown
ENSG00000138795	ENSG00000091831	Unknown
ENSG00000082175	ENSG00000091831	Activation
ENSG00000116478	ENSG00000091831	Unknown
ENSG00000182979	ENSG00000091831	Unknown
ENSG00000143013	ENSG00000091831	Unknown
ENSG00000107485	ENSG00000091831	Unknown
ENSG00000126561	ENSG00000091831	Unknown
ENSG00000091831	ENSG00000091831	Unknown
ENSG00000278570	ENSG00000091831	Unknown
ENSG00000168610	ENSG00000140009	Activation
ENSG00000173757	ENSG00000140009	Unknown
ENSG00000091831	ENSG00000173153	Unknown
ENSG00000113580	ENSG00000134954	Repression
ENSG00000184937	ENSG00000134954	Activation
ENSG00000177606	ENSG00000134954	Activation
ENSG00000105722	ENSG00000157557	Repression
ENSG00000177606	ENSG00000157557	Unknown
ENSG00000169083	ENSG00000006468	Activation
ENSG00000184895	ENSG00000105672	Activation
ENSG00000101412	ENSG00000175832	Activation
ENSG00000168610	ENSG00000139083	Activation
ENSG00000151702	ENSG00000151702	Activation
ENSG00000102145	ENSG00000151702	Unknown
ENSG00000134954	ENSG00000151702	Activation
ENSG00000120690	ENSG00000151702	Activation
ENSG00000157557	ENSG00000151702	Activation
ENSG00000116478	ENSG00000170345	Repression
ENSG00000066136	ENSG00000170345	Unknown
ENSG00000187098	ENSG00000170345	Activation
ENSG00000095794	ENSG00000170345	Repression
ENSG00000166888	ENSG00000170345	Activation
ENSG00000025156	ENSG00000170345	Unknown
ENSG00000120837	ENSG00000170345	Unknown
ENSG00000139687	ENSG00000170345	Repression
ENSG00000167034	ENSG00000170345	Repression
ENSG00000140009	ENSG00000170345	Unknown
ENSG00000143437	ENSG00000170345	Repression
ENSG00000112592	ENSG00000170345	Activation
ENSG00000170345	ENSG00000170345	Repression
ENSG00000106546	ENSG00000170345	Unknown
ENSG00000166888	ENSG00000125740	Unknown
ENSG00000126767	ENSG00000175592	Activation
ENSG00000112658	ENSG00000175592	Activation
ENSG00000177606	ENSG00000175592	Activation
ENSG00000144852	ENSG00000175592	Activation
ENSG00000075426	ENSG00000175592	Activation
ENSG00000137203	ENSG00000129514	Unknown
ENSG00000170345	ENSG00000129514	Unknown
ENSG00000118260	ENSG00000129514	Unknown
ENSG00000166949	ENSG00000125798	Unknown
ENSG00000074047	ENSG00000125798	Unknown
ENSG00000107485	ENSG00000054598	Repression
ENSG00000074047	ENSG00000176692	Unknown
ENSG00000107485	ENSG00000176692	Repression
ENSG00000074047	ENSG00000176678	Unknown
ENSG00000101412	ENSG00000111206	Activation
ENSG00000118689	ENSG00000111206	Repression
ENSG00000151702	ENSG00000111206	Activation
ENSG00000185591	ENSG00000111206	Activation
ENSG00000141510	ENSG00000111206	Repression
ENSG00000109320	ENSG00000118689	Unknown
ENSG00000173039	ENSG00000118689	Unknown
ENSG00000157514	ENSG00000118689	Repression
ENSG00000141510	ENSG00000118689	Unknown
ENSG00000157514	ENSG00000184481	Repression
ENSG00000091831	ENSG00000114861	Activation
ENSG00000184486	ENSG00000128573	Unknown
ENSG00000166949	ENSG00000049768	Activation
ENSG00000173039	ENSG00000049768	Activation
ENSG00000178860	ENSG00000049768	Activation
ENSG00000125347	ENSG00000049768	Repression
ENSG00000082175	ENSG00000049768	Repression
ENSG00000109320	ENSG00000049768	Activation
ENSG00000101096	ENSG00000049768	Activation
ENSG00000111424	ENSG00000049768	Unknown
ENSG00000115415	ENSG00000049768	Unknown
ENSG00000123268	ENSG00000154727	Unknown
ENSG00000118260	ENSG00000154727	Unknown
ENSG00000143190	ENSG00000102145	Unknown
ENSG00000136997	ENSG00000102145	Repression
ENSG00000102145	ENSG00000102145	Activation
ENSG00000067955	ENSG00000102145	Unknown
ENSG00000179348	ENSG00000102145	Unknown
ENSG00000111704	ENSG00000179348	Repression
ENSG00000107485	ENSG00000107485	Unknown
ENSG00000173039	ENSG00000107485	Activation
ENSG00000109320	ENSG00000107485	Activation
ENSG00000148737	ENSG00000107485	Unknown
ENSG00000073861	ENSG00000107485	Unknown
ENSG00000185591	ENSG00000107485	Unknown
ENSG00000136997	ENSG00000136574	Activation
ENSG00000111704	ENSG00000136574	Repression
ENSG00000164683	ENSG00000136574	Repression
ENSG00000135547	ENSG00000136574	Repression
ENSG00000183072	ENSG00000136574	Activation
ENSG00000164683	ENSG00000141448	Repression
ENSG00000111704	ENSG00000141448	Repression
ENSG00000204531	ENSG00000141448	Repression
ENSG00000135547	ENSG00000141448	Repression
ENSG00000143190	ENSG00000137270	Unknown
ENSG00000141510	ENSG00000074047	Unknown
ENSG00000148516	ENSG00000083307	Repression
ENSG00000205250	ENSG00000172534	Activation
ENSG00000109320	ENSG00000116478	Unknown
ENSG00000182979	ENSG00000116478	Unknown
ENSG00000151702	ENSG00000116478	Unknown
ENSG00000125398	ENSG00000114315	Activation
ENSG00000069011	ENSG00000114315	Repression
ENSG00000109320	ENSG00000114315	Unknown
ENSG00000020633	ENSG00000114315	Repression
ENSG00000173039	ENSG00000114315	Unknown
ENSG00000172238	ENSG00000144485	Activation
ENSG00000143437	ENSG00000100644	Activation
ENSG00000168610	ENSG00000100644	Activation
ENSG00000105698	ENSG00000100644	Unknown
ENSG00000184481	ENSG00000100644	Repression
ENSG00000100644	ENSG00000100644	Repression
ENSG00000102878	ENSG00000100644	Unknown
ENSG00000187098	ENSG00000100644	Activation
ENSG00000109320	ENSG00000100644	Unknown
ENSG00000120738	ENSG00000100644	Activation
ENSG00000077150	ENSG00000100644	Repression
ENSG00000102554	ENSG00000100644	Activation
ENSG00000173039	ENSG00000100644	Unknown
ENSG00000025156	ENSG00000100644	Unknown
ENSG00000005339	ENSG00000172273	Activation
ENSG00000185591	ENSG00000137309	Activation
ENSG00000101412	ENSG00000137309	Activation
ENSG00000141905	ENSG00000189403	Activation
ENSG00000101076	ENSG00000135100	Unknown
ENSG00000186350	ENSG00000135100	Unknown
ENSG00000178764	ENSG00000135100	Unknown
ENSG00000198911	ENSG00000101076	Repression
ENSG00000141510	ENSG00000101076	Repression
ENSG00000186350	ENSG00000101076	Unknown
ENSG00000137203	ENSG00000197576	Repression
ENSG00000001167	ENSG00000182742	Activation
ENSG00000187098	ENSG00000182742	Unknown
ENSG00000105698	ENSG00000182742	Activation
ENSG00000066136	ENSG00000260027	Unknown
ENSG00000001167	ENSG00000260027	Unknown
ENSG00000120837	ENSG00000260027	Unknown
ENSG00000141510	ENSG00000185122	Unknown
ENSG00000172216	ENSG00000185122	Unknown
ENSG00000143190	ENSG00000125968	Unknown
ENSG00000141510	ENSG00000125968	Unknown
ENSG00000130726	ENSG00000125968	Unknown
ENSG00000161298	ENSG00000125968	Repression
ENSG00000162772	ENSG00000125968	Repression
ENSG00000245848	ENSG00000125968	Unknown
ENSG00000164611	ENSG00000117318	Activation
ENSG00000064835	ENSG00000173404	Unknown
ENSG00000005339	ENSG00000173404	Activation
ENSG00000005339	ENSG00000125347	Activation
ENSG00000173039	ENSG00000125347	Unknown
ENSG00000138378	ENSG00000125347	Unknown
ENSG00000069011	ENSG00000168310	Repression
ENSG00000125347	ENSG00000168310	Activation
ENSG00000137265	ENSG00000126456	Repression
ENSG00000166888	ENSG00000137265	Unknown
ENSG00000113916	ENSG00000137265	Repression
ENSG00000172216	ENSG00000137265	Activation
ENSG00000185591	ENSG00000128604	Activation
ENSG00000126456	ENSG00000128604	Unknown
ENSG00000126456	ENSG00000185507	Unknown
ENSG00000069011	ENSG00000185507	Repression
ENSG00000269404	ENSG00000185507	Repression
ENSG00000173039	ENSG00000185507	Unknown
ENSG00000128272	ENSG00000185507	Repression
ENSG00000115415	ENSG00000185507	Activation
ENSG00000184937	ENSG00000140968	Repression
ENSG00000115415	ENSG00000140968	Activation
ENSG00000081189	ENSG00000177606	Repression
ENSG00000069011	ENSG00000177606	Repression
ENSG00000188283	ENSG00000177606	Repression
ENSG00000161298	ENSG00000177606	Repression
ENSG00000118260	ENSG00000177606	Repression
ENSG00000185122	ENSG00000177606	Unknown
ENSG00000141905	ENSG00000177606	Unknown
ENSG00000184937	ENSG00000177606	Activation
ENSG00000143437	ENSG00000177606	Repression
ENSG00000140009	ENSG00000177606	Unknown
ENSG00000116604	ENSG00000177606	Activation
ENSG00000074047	ENSG00000177606	Unknown
ENSG00000196628	ENSG00000177606	Unknown
ENSG00000152977	ENSG00000130522	Activation
ENSG00000102145	ENSG00000105610	Unknown
ENSG00000168610	ENSG00000172059	Activation
ENSG00000012504	ENSG00000172059	Unknown
ENSG00000137203	ENSG00000118922	Repression
ENSG00000111704	ENSG00000127528	Activation
ENSG00000141510	ENSG00000127528	Repression
ENSG00000132170	ENSG00000136826	Unknown
ENSG00000073282	ENSG00000136826	Repression
ENSG00000196628	ENSG00000136826	Unknown
ENSG00000125398	ENSG00000136826	Unknown
ENSG00000116478	ENSG00000136826	Repression
ENSG00000165556	ENSG00000136826	Activation
ENSG00000169083	ENSG00000102554	Unknown
ENSG00000124766	ENSG00000118058	Unknown
ENSG00000164093	ENSG00000138795	Activation
ENSG00000109906	ENSG00000138795	Unknown
ENSG00000164093	ENSG00000106852	Activation
ENSG00000185591	ENSG00000143013	Unknown
ENSG00000118217	ENSG00000182759	Repression
ENSG00000126767	ENSG00000085276	Activation
ENSG00000081189	ENSG00000169057	Unknown
ENSG00000068305	ENSG00000068305	Unknown
ENSG00000183072	ENSG00000081189	Repression
ENSG00000177606	ENSG00000116604	Activation
ENSG00000125398	ENSG00000187098	Unknown
ENSG00000135903	ENSG00000187098	Activation
ENSG00000123268	ENSG00000187098	Activation
ENSG00000196628	ENSG00000187098	Repression
ENSG00000187140	ENSG00000187098	Repression
ENSG00000184486	ENSG00000187098	Unknown
ENSG00000161298	ENSG00000187098	Repression
ENSG00000138795	ENSG00000187098	Activation
ENSG00000116016	ENSG00000178860	Activation
ENSG00000143013	ENSG00000182979	Unknown
ENSG00000185591	ENSG00000182979	Activation
ENSG00000091831	ENSG00000057935	Unknown
ENSG00000182979	ENSG00000057935	Repression
ENSG00000166949	ENSG00000059728	Unknown
ENSG00000185591	ENSG00000101057	Unknown
ENSG00000101412	ENSG00000101057	Activation
ENSG00000101057	ENSG00000101057	Unknown
ENSG00000198176	ENSG00000101057	Activation
ENSG00000134323	ENSG00000101057	Activation
ENSG00000169714	ENSG00000136997	Unknown
ENSG00000112592	ENSG00000136997	Unknown
ENSG00000177374	ENSG00000136997	Repression
ENSG00000057657	ENSG00000136997	Repression
ENSG00000166949	ENSG00000136997	Unknown
ENSG00000161298	ENSG00000136997	Repression
ENSG00000169083	ENSG00000136997	Unknown
ENSG00000139687	ENSG00000136997	Unknown
ENSG00000133740	ENSG00000136997	Unknown
ENSG00000196628	ENSG00000136997	Unknown
ENSG00000162613	ENSG00000136997	Unknown
ENSG00000164611	ENSG00000136997	Unknown
ENSG00000145908	ENSG00000136997	Activation
ENSG00000020633	ENSG00000136997	Repression
ENSG00000129514	ENSG00000136997	Unknown
ENSG00000205250	ENSG00000136997	Unknown
ENSG00000102974	ENSG00000136997	Repression
ENSG00000184937	ENSG00000136997	Repression
ENSG00000106546	ENSG00000136997	Unknown
ENSG00000245848	ENSG00000136997	Repression
ENSG00000138378	ENSG00000136997	Activation
ENSG00000101665	ENSG00000136997	Activation
ENSG00000071564	ENSG00000136997	Activation
ENSG00000157557	ENSG00000136997	Unknown
ENSG00000109320	ENSG00000136997	Unknown
ENSG00000132170	ENSG00000136997	Repression
ENSG00000125952	ENSG00000136997	Unknown
ENSG00000101076	ENSG00000136997	Activation
ENSG00000170345	ENSG00000136997	Repression
ENSG00000177606	ENSG00000136997	Repression
ENSG00000141646	ENSG00000136997	Unknown
ENSG00000275700	ENSG00000136997	Activation
ENSG00000113916	ENSG00000136997	Activation
ENSG00000182979	ENSG00000136997	Unknown
ENSG00000185513	ENSG00000136997	Unknown
ENSG00000185591	ENSG00000134323	Unknown
ENSG00000162367	ENSG00000134323	Activation
ENSG00000184937	ENSG00000134323	Repression
ENSG00000065978	ENSG00000134323	Activation
ENSG00000102974	ENSG00000111704	Unknown
ENSG00000168610	ENSG00000111704	Activation
ENSG00000102145	ENSG00000123405	Unknown
ENSG00000136997	ENSG00000123405	Repression
ENSG00000185591	ENSG00000109320	Activation
ENSG00000113580	ENSG00000109320	Repression
ENSG00000169083	ENSG00000109320	Repression
ENSG00000173039	ENSG00000109320	Unknown
ENSG00000170345	ENSG00000109320	Repression
ENSG00000168214	ENSG00000109320	Unknown
ENSG00000185122	ENSG00000109320	Unknown
ENSG00000144852	ENSG00000109320	Repression
ENSG00000161298	ENSG00000109320	Repression
ENSG00000116478	ENSG00000109320	Unknown
ENSG00000162367	ENSG00000109320	Repression
ENSG00000107485	ENSG00000109320	Unknown
ENSG00000105866	ENSG00000109320	Activation
ENSG00000109320	ENSG00000109320	Unknown
ENSG00000141510	ENSG00000109320	Unknown
ENSG00000132274	ENSG00000109320	Unknown
ENSG00000012504	ENSG00000109320	Activation
ENSG00000120738	ENSG00000109320	Unknown
ENSG00000177606	ENSG00000077150	Unknown
ENSG00000128573	ENSG00000136352	Repression
ENSG00000175387	ENSG00000136352	Unknown
ENSG00000185591	ENSG00000136352	Unknown
ENSG00000125798	ENSG00000136352	Unknown
ENSG00000184486	ENSG00000136352	Unknown
ENSG00000124766	ENSG00000167034	Unknown
ENSG00000169083	ENSG00000167034	Activation
ENSG00000069011	ENSG00000167034	Repression
ENSG00000134954	ENSG00000167034	Activation
ENSG00000141510	ENSG00000167034	Repression
ENSG00000102554	ENSG00000148400	Activation
ENSG00000069667	ENSG00000126368	Activation
ENSG00000132170	ENSG00000025434	Unknown
ENSG00000185507	ENSG00000012504	Unknown
ENSG00000117595	ENSG00000012504	Unknown
ENSG00000115415	ENSG00000012504	Repression
ENSG00000113580	ENSG00000144852	Unknown
ENSG00000117707	ENSG00000144852	Repression
ENSG00000101076	ENSG00000144852	Activation
ENSG00000012504	ENSG00000144852	Activation
ENSG00000131759	ENSG00000143257	Activation
ENSG00000168610	ENSG00000177463	Unknown
ENSG00000158711	ENSG00000177463	Unknown
ENSG00000129535	ENSG00000278570	Activation
ENSG00000105392	ENSG00000278570	Activation
ENSG00000173153	ENSG00000175745	Repression
ENSG00000118260	ENSG00000175745	Repression
ENSG00000173153	ENSG00000160113	Repression
ENSG00000118260	ENSG00000160113	Repression
ENSG00000134852	ENSG00000113580	Repression
ENSG00000100644	ENSG00000113580	Unknown
ENSG00000113580	ENSG00000113580	Unknown
ENSG00000185591	ENSG00000136931	Unknown
ENSG00000125398	ENSG00000136931	Unknown
ENSG00000105698	ENSG00000136931	Unknown
ENSG00000184937	ENSG00000136931	Unknown
ENSG00000118260	ENSG00000116833	Activation
ENSG00000116833	ENSG00000116833	Activation
ENSG00000125798	ENSG00000116833	Activation
ENSG00000091831	ENSG00000116833	Unknown
ENSG00000117707	ENSG00000116833	Repression
ENSG00000159263	ENSG00000185345	Unknown
ENSG00000187079	ENSG00000135903	Unknown
ENSG00000168610	ENSG00000135903	Repression
ENSG00000184486	ENSG00000135903	Unknown
ENSG00000181449	ENSG00000007372	Repression
ENSG00000125798	ENSG00000007372	Repression
ENSG00000102974	ENSG00000007372	Repression
ENSG00000165588	ENSG00000007372	Activation
ENSG00000136931	ENSG00000185630	Activation
ENSG00000072310	ENSG00000139515	Repression
ENSG00000118217	ENSG00000139515	Repression
ENSG00000105698	ENSG00000139515	Activation
ENSG00000185591	ENSG00000082175	Activation
ENSG00000119138	ENSG00000082175	Unknown
ENSG00000173039	ENSG00000082175	Repression
ENSG00000170345	ENSG00000082175	Unknown
ENSG00000091831	ENSG00000082175	Unknown
ENSG00000177606	ENSG00000082175	Repression
ENSG00000165030	ENSG00000082175	Unknown
ENSG00000141510	ENSG00000118495	Unknown
ENSG00000137309	ENSG00000064835	Activation
ENSG00000165588	ENSG00000064835	Unknown
ENSG00000168610	ENSG00000143190	Unknown
ENSG00000105698	ENSG00000143190	Unknown
ENSG00000109320	ENSG00000028277	Unknown
ENSG00000173039	ENSG00000028277	Unknown
ENSG00000125398	ENSG00000184486	Repression
ENSG00000101115	ENSG00000204531	Unknown
ENSG00000111704	ENSG00000204531	Activation
ENSG00000071564	ENSG00000204531	Repression
ENSG00000116478	ENSG00000204531	Unknown
ENSG00000148516	ENSG00000204531	Activation
ENSG00000115415	ENSG00000186951	Activation
ENSG00000073282	ENSG00000186951	Unknown
ENSG00000177606	ENSG00000186951	Unknown
ENSG00000100644	ENSG00000186951	Unknown
ENSG00000173039	ENSG00000186951	Unknown
ENSG00000168610	ENSG00000186951	Activation
ENSG00000005339	ENSG00000186951	Unknown
ENSG00000177606	ENSG00000112033	Activation
ENSG00000072310	ENSG00000132170	Unknown
ENSG00000179348	ENSG00000132170	Repression
ENSG00000120738	ENSG00000132170	Unknown
ENSG00000127528	ENSG00000132170	Repression
ENSG00000276043	ENSG00000132170	Repression
ENSG00000221869	ENSG00000132170	Activation
ENSG00000139687	ENSG00000132170	Unknown
ENSG00000198911	ENSG00000132170	Unknown
ENSG00000168610	ENSG00000057657	Unknown
ENSG00000172216	ENSG00000057657	Activation
ENSG00000007372	ENSG00000117707	Activation
ENSG00000164683	ENSG00000117707	Repression
ENSG00000173039	ENSG00000117707	Activation
ENSG00000109320	ENSG00000117707	Activation
ENSG00000185591	ENSG00000164611	Unknown
ENSG00000005339	ENSG00000131759	Unknown
ENSG00000091831	ENSG00000131759	Activation
ENSG00000177606	ENSG00000131759	Repression
ENSG00000136826	ENSG00000131759	Repression
ENSG00000177606	ENSG00000172819	Repression
ENSG00000139687	ENSG00000139687	Repression
ENSG00000168036	ENSG00000139687	Repression
ENSG00000276043	ENSG00000139687	Activation
ENSG00000170581	ENSG00000159200	Unknown
ENSG00000115966	ENSG00000173039	Activation
ENSG00000082175	ENSG00000173039	Repression
ENSG00000105866	ENSG00000173039	Activation
ENSG00000185122	ENSG00000173039	Unknown
ENSG00000169083	ENSG00000173039	Repression
ENSG00000132274	ENSG00000173039	Unknown
ENSG00000012504	ENSG00000173039	Activation
ENSG00000107485	ENSG00000173039	Unknown
ENSG00000144852	ENSG00000173039	Repression
ENSG00000143437	ENSG00000104856	Unknown
ENSG00000177606	ENSG00000104856	Unknown
ENSG00000169083	ENSG00000084093	Repression
ENSG00000100644	ENSG00000069667	Activation
ENSG00000185591	ENSG00000069667	Activation
ENSG00000141646	ENSG00000079102	Activation
ENSG00000067955	ENSG00000124813	Unknown
ENSG00000069011	ENSG00000124813	Repression
ENSG00000177606	ENSG00000124813	Unknown
ENSG00000091831	ENSG00000124813	Unknown
ENSG00000104447	ENSG00000124813	Repression
ENSG00000116478	ENSG00000020633	Activation
ENSG00000067955	ENSG00000020633	Unknown
ENSG00000144852	ENSG00000186350	Unknown
ENSG00000101115	ENSG00000101115	Unknown
ENSG00000168610	ENSG00000101115	Activation
ENSG00000141568	ENSG00000169375	Unknown
ENSG00000007372	ENSG00000138083	Activation
ENSG00000117707	ENSG00000138083	Activation
ENSG00000101076	ENSG00000091138	Unknown
ENSG00000102145	ENSG00000170365	Unknown
ENSG00000141510	ENSG00000166949	Unknown
ENSG00000184937	ENSG00000166949	Activation
ENSG00000170345	ENSG00000101665	Activation
ENSG00000177606	ENSG00000101665	Activation
ENSG00000182979	ENSG00000101665	Repression
ENSG00000116478	ENSG00000101665	Unknown
ENSG00000111704	ENSG00000182968	Activation
ENSG00000204531	ENSG00000181449	Activation
ENSG00000177426	ENSG00000134595	Repression
ENSG00000066136	ENSG00000134595	Unknown
ENSG00000185591	ENSG00000134595	Unknown
ENSG00000001167	ENSG00000134595	Unknown
ENSG00000185630	ENSG00000134595	Unknown
ENSG00000120837	ENSG00000134595	Unknown
ENSG00000157554	ENSG00000124766	Unknown
ENSG00000130522	ENSG00000124766	Activation
ENSG00000177606	ENSG00000171056	Activation
ENSG00000170345	ENSG00000171056	Activation
ENSG00000184895	ENSG00000125398	Unknown
ENSG00000185591	ENSG00000125398	Activation
ENSG00000109906	ENSG00000125398	Activation
ENSG00000118260	ENSG00000125398	Unknown
ENSG00000139687	ENSG00000185591	Unknown
ENSG00000126561	ENSG00000185591	Unknown
ENSG00000136352	ENSG00000185591	Unknown
ENSG00000116478	ENSG00000185591	Repression
ENSG00000165556	ENSG00000185591	Unknown
ENSG00000131196	ENSG00000185591	Repression
ENSG00000137309	ENSG00000185591	Unknown
ENSG00000245848	ENSG00000066336	Unknown
ENSG00000177606	ENSG00000066336	Activation
ENSG00000102145	ENSG00000066336	Repression
ENSG00000179348	ENSG00000066336	Repression
ENSG00000170345	ENSG00000066336	Repression
ENSG00000028277	ENSG00000066336	Unknown
ENSG00000028277	ENSG00000269404	Unknown
ENSG00000185591	ENSG00000072310	Activation
ENSG00000186951	ENSG00000198911	Repression
ENSG00000113580	ENSG00000112658	Repression
ENSG00000196588	ENSG00000112658	Unknown
ENSG00000118217	ENSG00000112658	Unknown
ENSG00000187079	ENSG00000112658	Unknown
ENSG00000126767	ENSG00000112658	Unknown
ENSG00000185591	ENSG00000184895	Unknown
ENSG00000135457	ENSG00000184895	Unknown
ENSG00000184937	ENSG00000184895	Activation
ENSG00000168610	ENSG00000115415	Activation
ENSG00000146592	ENSG00000115415	Repression
ENSG00000084093	ENSG00000115415	Repression
ENSG00000173039	ENSG00000115415	Unknown
ENSG00000170581	ENSG00000115415	Unknown
ENSG00000141510	ENSG00000115415	Unknown
ENSG00000166888	ENSG00000115415	Repression
ENSG00000113580	ENSG00000115415	Repression
ENSG00000115415	ENSG00000170581	Activation
ENSG00000177374	ENSG00000168610	Activation
ENSG00000161298	ENSG00000168610	Repression
ENSG00000116478	ENSG00000168610	Unknown
ENSG00000245848	ENSG00000168610	Unknown
ENSG00000066336	ENSG00000168610	Unknown
ENSG00000173039	ENSG00000168610	Unknown
ENSG00000113916	ENSG00000168610	Unknown
ENSG00000100644	ENSG00000168610	Unknown
ENSG00000173039	ENSG00000138378	Unknown
ENSG00000109320	ENSG00000138378	Unknown
ENSG00000107485	ENSG00000138378	Repression
ENSG00000186951	ENSG00000126561	Unknown
ENSG00000161298	ENSG00000173757	Repression
ENSG00000204531	ENSG00000164458	Repression
ENSG00000134954	ENSG00000120656	Unknown
ENSG00000170653	ENSG00000120656	Activation
ENSG00000173039	ENSG00000112592	Activation
ENSG00000109320	ENSG00000112592	Unknown
ENSG00000095564	ENSG00000112592	Repression
ENSG00000175550	ENSG00000112592	Unknown
ENSG00000101076	ENSG00000112592	Unknown
ENSG00000169083	ENSG00000112592	Unknown
ENSG00000204531	ENSG00000112837	Repression
ENSG00000185591	ENSG00000073861	Unknown
ENSG00000173039	ENSG00000073861	Activation
ENSG00000138378	ENSG00000073861	Unknown
ENSG00000115415	ENSG00000073861	Unknown
ENSG00000109320	ENSG00000073861	Activation
ENSG00000069011	ENSG00000121075	Unknown
ENSG00000183072	ENSG00000089225	Unknown
ENSG00000141510	ENSG00000172465	Unknown
ENSG00000129993	ENSG00000140262	Unknown
ENSG00000138795	ENSG00000071564	Unknown
ENSG00000136944	ENSG00000071564	Activation
ENSG00000117318	ENSG00000071564	Repression
ENSG00000020633	ENSG00000196628	Activation
ENSG00000138795	ENSG00000196628	Unknown
ENSG00000073282	ENSG00000196628	Activation
ENSG00000043355	ENSG00000196628	Repression
ENSG00000141510	ENSG00000148737	Repression
ENSG00000125798	ENSG00000148737	Unknown
ENSG00000107485	ENSG00000148737	Unknown
ENSG00000169083	ENSG00000148737	Unknown
ENSG00000101076	ENSG00000148737	Unknown
ENSG00000136997	ENSG00000108064	Unknown
ENSG00000118922	ENSG00000137203	Repression
ENSG00000139687	ENSG00000198176	Repression
ENSG00000112242	ENSG00000068323	Unknown
ENSG00000127337	ENSG00000141510	Repression
ENSG00000157557	ENSG00000141510	Unknown
ENSG00000198176	ENSG00000141510	Repression
ENSG00000116478	ENSG00000141510	Repression
ENSG00000005339	ENSG00000141510	Unknown
ENSG00000168610	ENSG00000141510	Unknown
ENSG00000134323	ENSG00000141510	Activation
ENSG00000177606	ENSG00000141510	Repression
ENSG00000113580	ENSG00000141510	Repression
ENSG00000091831	ENSG00000141510	Repression
ENSG00000136826	ENSG00000141510	Unknown
ENSG00000275700	ENSG00000141510	Unknown
ENSG00000162772	ENSG00000141510	Unknown
ENSG00000125347	ENSG00000141510	Unknown
ENSG00000137309	ENSG00000141510	Unknown
ENSG00000134954	ENSG00000141510	Unknown
ENSG00000132170	ENSG00000141510	Activation
ENSG00000168610	ENSG00000073282	Activation
ENSG00000177606	ENSG00000078900	Unknown
ENSG00000136997	ENSG00000078900	Activation
ENSG00000120738	ENSG00000078900	Unknown
ENSG00000005339	ENSG00000132274	Unknown
ENSG00000125347	ENSG00000132274	Unknown
ENSG00000169083	ENSG00000104447	Unknown
ENSG00000141510	ENSG00000276043	Repression
ENSG00000101412	ENSG00000276043	Activation
ENSG00000116016	ENSG00000105698	Unknown
ENSG00000185591	ENSG00000111424	Unknown
ENSG00000078900	ENSG00000111424	Unknown
ENSG00000177606	ENSG00000111424	Activation
ENSG00000168610	ENSG00000111424	Repression
ENSG00000073282	ENSG00000111424	Activation
ENSG00000064835	ENSG00000111424	Activation
ENSG00000166949	ENSG00000111424	Activation
ENSG00000165556	ENSG00000111424	Unknown
ENSG00000136826	ENSG00000111424	Repression
ENSG00000184937	ENSG00000111424	Activation
ENSG00000267680	ENSG00000111424	Activation
ENSG00000164093	ENSG00000114251	Unknown
ENSG00000260027	ENSG00000114251	Activation
ENSG00000102145	ENSG00000184937	Unknown
ENSG00000135457	ENSG00000184937	Unknown
ENSG00000102974	ENSG00000184937	Unknown
ENSG00000125618	ENSG00000184937	Activation
ENSG00000134954	ENSG00000184937	Activation
ENSG00000173039	ENSG00000184937	Unknown
ENSG00000109320	ENSG00000184937	Unknown
ENSG00000113916	ENSG00000100219	Repression
ENSG00000112182	ENSG00000100219	Repression
ENSG00000172216	ENSG00000100219	Activation
ENSG00000107485	ENSG00000148516	Activation
ENSG00000101115	ENSG00000148516	Activation
ENSG00000277258	ENSG00000148516	Repression
ENSG00000091831	ENSG00000148516	Activation
ENSG00000157554	ENSG00000148516	Unknown
ENSG00000091831	ENSG00000140836	Activation
ENSG00000204531	ENSG00000179059	Activation
ENSG00000100219	ENSG00000178764	Unknown
ENSG00000171222	ENSG00000166261	Unknown
ENSG00000049768	ENSG00000122386	Unknown
ENSG00000154727	ENSG00000122386	Unknown
ENSG00000100644	ENSG00000171940	Activation
ENSG00000102145	ENSG00000090612	Repression
ENSG00000130726	ENSG00000171606	Unknown
ENSG00000066336	ENSG00000145908	Unknown
